,year,geo_type_name,borough,geography,geography_id,adults_12mo_asthma_age_adjusted_percent,adults_12mo_asthma_number,adults_12mo_asthma_percent
0,2003,citywide,new york city, new york city,1,4.6,244000.0,4.6
1,2004,citywide,new york city, new york city,1,4.9,297000.0,4.9
2,2006,citywide,new york city, new york city,1,5.3,318000.0,5.3
3,2007,citywide,new york city, new york city,1,4.4,266000.0,4.4
4,2008,citywide,new york city, new york city,1,5.3,322000.0,5.3
5,2009,citywide,new york city, new york city,1,4.1,248000.0,4.1
6,2010,citywide,new york city, new york city,1,3.8,226000.0,3.7
7,2011,citywide,new york city, new york city,1,4.4,277000.0,4.5
8,2012,citywide,new york city, new york city,1,4.6,290000.0,4.6
9,2013,citywide,new york city, new york city,1,3.9,246000.0,3.9
10,2014,citywide,new york city, new york city,1,3.7,238000.0,3.7
11,2016,citywide,new york city, new york city,1,4.7,230000.0,4.7
12,2017,citywide,new york city, new york city,1,4.3,289000.0,4.4
13,2003,borough,bronx, bronx,1,6.7,52000.0,6.4
14,2004,borough,bronx, bronx,1,7.6,70000.0,7.5
15,2006,borough,bronx, bronx,1,7.4,69000.0,7.4
16,2007,borough,bronx, bronx,1,5.1,46000.0,5.0
17,2008,borough,bronx, bronx,1,8.1,76000.0,8.2
18,2009,borough,bronx, bronx,1,6.6,61000.0,6.6
19,2010,borough,bronx, bronx,1,5.9,54000.0,5.9
20,2011,borough,bronx, bronx,1,7.2,69000.0,7.0
21,2012,borough,bronx, bronx,1,7.6,76000.0,7.7
22,2013,borough,bronx, bronx,1,6.3,60000.0,6.0
23,2014,borough,bronx, bronx,1,4.7,48000.0,4.7
24,2016,borough,bronx, bronx,1,6.1,46000.0,6.2
25,2017,borough,bronx, bronx,1,6.8,74000.0,6.2
26,2003,borough,brooklyn, brooklyn,2,4.4,69000.0,4.3
27,2004,borough,brooklyn, brooklyn,2,5.5,100000.0,5.5
28,2006,borough,brooklyn, brooklyn,2,5.0,89000.0,5.0
29,2007,borough,brooklyn, brooklyn,2,4.2,74000.0,4.1
30,2008,borough,brooklyn, brooklyn,2,3.9,70000.0,3.9
31,2009,borough,brooklyn, brooklyn,2,4.0,71000.0,4.0
32,2010,borough,brooklyn, brooklyn,2,3.1,56000.0,3.1
33,2011,borough,brooklyn, brooklyn,2,4.6,86000.0,4.6
34,2012,borough,brooklyn, brooklyn,2,4.2,82000.0,4.3
35,2013,borough,brooklyn, brooklyn,2,4.2,79000.0,4.1
36,2014,borough,brooklyn, brooklyn,2,3.0,59000.0,3.0
37,2016,borough,brooklyn, brooklyn,2,4.1,60000.0,4.1
38,2017,borough,brooklyn, brooklyn,2,3.7,73000.0,4.0
39,2003,borough,manhattan, manhattan,3,4.8,51000.0,4.6
40,2004,borough,manhattan, manhattan,3,4.3,53000.0,4.2
41,2006,borough,manhattan, manhattan,3,6.5,82000.0,6.5
42,2007,borough,manhattan, manhattan,3,4.6,57000.0,4.5
43,2008,borough,manhattan, manhattan,3,6.0,76000.0,6.0
44,2009,borough,manhattan, manhattan,3,2.7,33000.0,2.6
45,2010,borough,manhattan, manhattan,3,4.6,56000.0,4.4
46,2011,borough,manhattan, manhattan,3,3.5,44000.0,3.4
47,2012,borough,manhattan, manhattan,3,4.3,56000.0,4.3
48,2013,borough,manhattan, manhattan,3,4.3,56000.0,4.3
49,2014,borough,manhattan, manhattan,3,4.1,55000.0,4.2
50,2016,borough,manhattan, manhattan,3,4.2,43000.0,4.2
51,2017,borough,manhattan, manhattan,3,4.6,61000.0,4.1
52,2003,borough,queens, queens,4,3.8,60000.0,3.9
53,2004,borough,queens, queens,4,3.3,58000.0,3.3
54,2006,borough,queens, queens,4,3.8,64000.0,3.7
55,2007,borough,queens, queens,4,4.1,71000.0,4.1
56,2008,borough,queens, queens,4,4.8,83000.0,4.8
57,2009,borough,queens, queens,4,4.1,69000.0,4.0
58,2010,borough,queens, queens,4,2.6,44000.0,2.6
59,2011,borough,queens, queens,4,3.6,64000.0,3.7
60,2012,borough,queens, queens,4,3.6,63000.0,3.6
61,2013,borough,queens, queens,4,2.4,44000.0,2.5
62,2014,borough,queens, queens,4,3.2,59000.0,3.3
63,2016,borough,queens, queens,4,4.8,65000.0,4.7
64,2017,borough,queens, queens,4,3.9,76000.0,5.0
65,2003,borough,staten island, staten island,5,4.0,11000.0,4.0
66,2004,borough,staten island, staten island,5,5.1,17000.0,5.1
67,2006,borough,staten island, staten island,5,3.9,13000.0,4.0
68,2007,borough,staten island, staten island,5,5.3,18000.0,5.3
69,2008,borough,staten island, staten island,5,4.8,17000.0,5.0
70,2009,borough,staten island, staten island,5,4.0,13000.0,4.0
71,2010,borough,staten island, staten island,5,4.7,16000.0,4.8
72,2011,borough,staten island, staten island,5,4.2,14000.0,4.1
73,2012,borough,staten island, staten island,5,3.7,13000.0,3.6
74,2013,borough,staten island, staten island,5,1.9,6000.0,1.8
75,2014,borough,staten island, staten island,5,5.0,17000.0,4.8
76,2016,borough,staten island, staten island,5,6.0,16000.0,5.9
77,2017,borough,staten island, staten island,5,1.7,6000.0,6.3
78,2003,neighborhood (uhf 34),queens, bayside little neck-fresh meadows,404406,3.9,5000.0,4.0
79,2004,neighborhood (uhf 34),queens, bayside little neck-fresh meadows,404406,4.5,6000.0,3.9
80,2006,neighborhood (uhf 34),queens, bayside little neck-fresh meadows,404406,2.9,4000.0,2.8
81,2007,neighborhood (uhf 34),queens, bayside little neck-fresh meadows,404406,3.0,4000.0,3.1
82,2008,neighborhood (uhf 34),queens, bayside little neck-fresh meadows,404406,2.0,3000.0,2.1
83,2009,neighborhood (uhf 34),queens, bayside little neck-fresh meadows,404406,4.8,6000.0,4.5
84,2010,neighborhood (uhf 34),queens, bayside little neck-fresh meadows,404406,2.4,3000.0,2.4
85,2011,neighborhood (uhf 34),queens, bayside little neck-fresh meadows,404406,3.3,5000.0,3.1
86,2012,neighborhood (uhf 34),queens, bayside little neck-fresh meadows,404406,2.1,3000.0,2.1
87,2013,neighborhood (uhf 34),queens, bayside little neck-fresh meadows,404406,1.3,2000.0,1.3
88,2014,neighborhood (uhf 34),queens, bayside little neck-fresh meadows,404406,,,
89,2016,neighborhood (uhf 34),queens, bayside little neck-fresh meadows,404406,6.1,7000.0,6.4
90,2017,neighborhood (uhf 34),queens, bayside little neck-fresh meadows,404406,1.9,3000.0,2.2
91,2003,neighborhood (uhf 34),brooklyn, bedford stuyvesant - crown heights,203,5.9,12000.0,6.3
92,2004,neighborhood (uhf 34),brooklyn, bedford stuyvesant - crown heights,203,4.6,11000.0,4.8
93,2006,neighborhood (uhf 34),brooklyn, bedford stuyvesant - crown heights,203,7.7,17000.0,7.7
94,2007,neighborhood (uhf 34),brooklyn, bedford stuyvesant - crown heights,203,5.0,11000.0,5.2
95,2008,neighborhood (uhf 34),brooklyn, bedford stuyvesant - crown heights,203,3.1,7000.0,3.3
96,2009,neighborhood (uhf 34),brooklyn, bedford stuyvesant - crown heights,203,6.0,13000.0,6.2
97,2010,neighborhood (uhf 34),brooklyn, bedford stuyvesant - crown heights,203,3.8,9000.0,4.1
98,2011,neighborhood (uhf 34),brooklyn, bedford stuyvesant - crown heights,203,10.6,25000.0,10.7
99,2012,neighborhood (uhf 34),brooklyn, bedford stuyvesant - crown heights,203,2.6,7000.0,2.9
100,2013,neighborhood (uhf 34),brooklyn, bedford stuyvesant - crown heights,203,6.0,14000.0,6.1
101,2014,neighborhood (uhf 34),brooklyn, bedford stuyvesant - crown heights,203,2.0,5000.0,2.1
102,2016,neighborhood (uhf 34),brooklyn, bedford stuyvesant - crown heights,203,5.8,11000.0,5.6
103,2017,neighborhood (uhf 34),brooklyn, bedford stuyvesant - crown heights,203,7.5,19000.0,7.6
104,2003,neighborhood (uhf 34),brooklyn, bensonhurst - bay ridge,209,2.0,3000.0,2.1
105,2004,neighborhood (uhf 34),brooklyn, bensonhurst - bay ridge,209,3.8,6000.0,3.8
106,2006,neighborhood (uhf 34),brooklyn, bensonhurst - bay ridge,209,3.5,6000.0,3.8
107,2007,neighborhood (uhf 34),brooklyn, bensonhurst - bay ridge,209,4.5,7000.0,4.4
108,2008,neighborhood (uhf 34),brooklyn, bensonhurst - bay ridge,209,,,
109,2009,neighborhood (uhf 34),brooklyn, bensonhurst - bay ridge,209,3.5,5000.0,3.5
110,2010,neighborhood (uhf 34),brooklyn, bensonhurst - bay ridge,209,2.7,5000.0,2.9
111,2011,neighborhood (uhf 34),brooklyn, bensonhurst - bay ridge,209,,,
112,2012,neighborhood (uhf 34),brooklyn, bensonhurst - bay ridge,209,,,
113,2013,neighborhood (uhf 34),brooklyn, bensonhurst - bay ridge,209,,,
114,2014,neighborhood (uhf 34),brooklyn, bensonhurst - bay ridge,209,2.1,3000.0,2.0
115,2016,neighborhood (uhf 34),brooklyn, bensonhurst - bay ridge,209,4.5,,
116,2017,neighborhood (uhf 34),brooklyn, bensonhurst - bay ridge,209,2.2,4000.0,2.2
117,2003,neighborhood (uhf 34),brooklyn, borough park,206,3.9,8000.0,4.0
118,2004,neighborhood (uhf 34),brooklyn, borough park,206,3.2,7000.0,3.2
119,2006,neighborhood (uhf 34),brooklyn, borough park,206,2.7,6000.0,2.8
120,2007,neighborhood (uhf 34),brooklyn, borough park,206,2.0,5000.0,2.0
121,2008,neighborhood (uhf 34),brooklyn, borough park,206,3.5,8000.0,3.5
122,2009,neighborhood (uhf 34),brooklyn, borough park,206,0.8,2000.0,0.9
123,2010,neighborhood (uhf 34),brooklyn, borough park,206,1.8,4000.0,1.7
124,2011,neighborhood (uhf 34),brooklyn, borough park,206,3.2,8000.0,3.4
125,2012,neighborhood (uhf 34),brooklyn, borough park,206,4.0,10000.0,4.3
126,2013,neighborhood (uhf 34),brooklyn, borough park,206,3.7,8000.0,3.6
127,2014,neighborhood (uhf 34),brooklyn, borough park,206,3.1,8000.0,3.2
128,2016,neighborhood (uhf 34),brooklyn, borough park,206,2.4,4000.0,2.3
129,2017,neighborhood (uhf 34),brooklyn, borough park,206,2.2,6000.0,2.3
130,2003,neighborhood (uhf 34),brooklyn, canarsie - flatlands,208,3.8,4000.0,3.0
131,2004,neighborhood (uhf 34),brooklyn, canarsie - flatlands,208,3.9,5000.0,3.8
132,2006,neighborhood (uhf 34),brooklyn, canarsie - flatlands,208,,,
133,2007,neighborhood (uhf 34),brooklyn, canarsie - flatlands,208,2.5,4000.0,2.5
134,2008,neighborhood (uhf 34),brooklyn, canarsie - flatlands,208,3.0,4000.0,3.0
135,2009,neighborhood (uhf 34),brooklyn, canarsie - flatlands,208,2.3,3000.0,2.3
136,2010,neighborhood (uhf 34),brooklyn, canarsie - flatlands,208,3.3,5000.0,3.3
137,2011,neighborhood (uhf 34),brooklyn, canarsie - flatlands,208,,,
138,2012,neighborhood (uhf 34),brooklyn, canarsie - flatlands,208,6.0,9000.0,6.3
139,2013,neighborhood (uhf 34),brooklyn, canarsie - flatlands,208,4.3,6000.0,4.2
140,2014,neighborhood (uhf 34),brooklyn, canarsie - flatlands,208,,4000.0,2.8
141,2016,neighborhood (uhf 34),brooklyn, canarsie - flatlands,208,9.3,10000.0,7.6
142,2017,neighborhood (uhf 34),brooklyn, canarsie - flatlands,208,3.8,7000.0,4.4
143,2003,neighborhood (uhf 34),manhattan, central harlem - morningside heights,302,8.9,9000.0,8.4
144,2004,neighborhood (uhf 34),manhattan, central harlem - morningside heights,302,3.9,4000.0,3.9
145,2006,neighborhood (uhf 34),manhattan, central harlem - morningside heights,302,10.7,12000.0,10.5
146,2007,neighborhood (uhf 34),manhattan, central harlem - morningside heights,302,6.5,7000.0,6.5
147,2008,neighborhood (uhf 34),manhattan, central harlem - morningside heights,302,5.9,6000.0,5.6
148,2009,neighborhood (uhf 34),manhattan, central harlem - morningside heights,302,4.5,5000.0,4.5
149,2010,neighborhood (uhf 34),manhattan, central harlem - morningside heights,302,2.8,3000.0,2.6
150,2011,neighborhood (uhf 34),manhattan, central harlem - morningside heights,302,1.8,2000.0,1.8
151,2012,neighborhood (uhf 34),manhattan, central harlem - morningside heights,302,11.5,11000.0,9.5
152,2013,neighborhood (uhf 34),manhattan, central harlem - morningside heights,302,3.6,4000.0,3.4
153,2014,neighborhood (uhf 34),manhattan, central harlem - morningside heights,302,4.1,4000.0,3.6
154,2016,neighborhood (uhf 34),manhattan, central harlem - morningside heights,302,7.1,7000.0,8.0
155,2017,neighborhood (uhf 34),manhattan, central harlem - morningside heights,302,1.9,2000.0,1.8
156,2003,neighborhood (uhf 34),manhattan, chelsea-village,306308,5.0,9000.0,5.4
157,2004,neighborhood (uhf 34),manhattan, chelsea-village,306308,2.7,5000.0,2.7
158,2006,neighborhood (uhf 34),manhattan, chelsea-village,306308,4.3,8000.0,4.4
159,2007,neighborhood (uhf 34),manhattan, chelsea-village,306308,4.2,9000.0,4.6
160,2008,neighborhood (uhf 34),manhattan, chelsea-village,306308,7.4,13000.0,6.9
161,2009,neighborhood (uhf 34),manhattan, chelsea-village,306308,1.3,2000.0,1.1
162,2010,neighborhood (uhf 34),manhattan, chelsea-village,306308,2.7,4000.0,2.4
163,2011,neighborhood (uhf 34),manhattan, chelsea-village,306308,2.5,5000.0,2.4
164,2012,neighborhood (uhf 34),manhattan, chelsea-village,306308,2.9,5000.0,2.7
165,2013,neighborhood (uhf 34),manhattan, chelsea-village,306308,4.3,9000.0,4.4
166,2014,neighborhood (uhf 34),manhattan, chelsea-village,306308,4.0,9000.0,4.3
167,2016,neighborhood (uhf 34),manhattan, chelsea-village,306308,,,
168,2017,neighborhood (uhf 34),manhattan, chelsea-village,306308,3.7,7000.0,3.3
169,2003,neighborhood (uhf 34),brooklyn, coney island - sheepshead bay,210,2.7,6000.0,2.8
170,2004,neighborhood (uhf 34),brooklyn, coney island - sheepshead bay,210,4.5,10000.0,4.4
171,2006,neighborhood (uhf 34),brooklyn, coney island - sheepshead bay,210,3.5,8000.0,3.4
172,2007,neighborhood (uhf 34),brooklyn, coney island - sheepshead bay,210,4.5,11000.0,5.1
173,2008,neighborhood (uhf 34),brooklyn, coney island - sheepshead bay,210,4.6,11000.0,4.9
174,2009,neighborhood (uhf 34),brooklyn, coney island - sheepshead bay,210,3.5,8000.0,3.4
175,2010,neighborhood (uhf 34),brooklyn, coney island - sheepshead bay,210,1.7,4000.0,1.7
176,2011,neighborhood (uhf 34),brooklyn, coney island - sheepshead bay,210,4.1,11000.0,4.8
177,2012,neighborhood (uhf 34),brooklyn, coney island - sheepshead bay,210,5.5,14000.0,6.3
178,2013,neighborhood (uhf 34),brooklyn, coney island - sheepshead bay,210,2.3,6000.0,2.7
179,2014,neighborhood (uhf 34),brooklyn, coney island - sheepshead bay,210,3.2,9000.0,3.8
180,2016,neighborhood (uhf 34),brooklyn, coney island - sheepshead bay,210,3.0,5000.0,3.5
181,2017,neighborhood (uhf 34),brooklyn, coney island - sheepshead bay,210,2.5,7000.0,2.9
182,2003,neighborhood (uhf 34),brooklyn, downtown - heights - slope,202,6.5,9000.0,6.0
183,2004,neighborhood (uhf 34),brooklyn, downtown - heights - slope,202,8.8,15000.0,8.9
184,2006,neighborhood (uhf 34),brooklyn, downtown - heights - slope,202,6.4,12000.0,6.8
185,2007,neighborhood (uhf 34),brooklyn, downtown - heights - slope,202,4.3,8000.0,4.7
186,2008,neighborhood (uhf 34),brooklyn, downtown - heights - slope,202,3.5,6000.0,3.5
187,2009,neighborhood (uhf 34),brooklyn, downtown - heights - slope,202,6.7,12000.0,7.0
188,2010,neighborhood (uhf 34),brooklyn, downtown - heights - slope,202,3.3,6000.0,3.3
189,2011,neighborhood (uhf 34),brooklyn, downtown - heights - slope,202,1.9,3000.0,1.8
190,2012,neighborhood (uhf 34),brooklyn, downtown - heights - slope,202,3.8,6000.0,3.4
191,2013,neighborhood (uhf 34),brooklyn, downtown - heights - slope,202,2.4,4000.0,2.4
192,2014,neighborhood (uhf 34),brooklyn, downtown - heights - slope,202,1.1,,
193,2016,neighborhood (uhf 34),brooklyn, downtown - heights - slope,202,2.5,3000.0,2.5
194,2017,neighborhood (uhf 34),brooklyn, downtown - heights - slope,202,4.3,8000.0,4.2
195,2003,neighborhood (uhf 34),brooklyn, east flatbush - flatbush,207,2.0,4000.0,2.2
196,2004,neighborhood (uhf 34),brooklyn, east flatbush - flatbush,207,7.4,17000.0,7.3
197,2006,neighborhood (uhf 34),brooklyn, east flatbush - flatbush,207,3.8,8000.0,3.8
198,2007,neighborhood (uhf 34),brooklyn, east flatbush - flatbush,207,3.9,9000.0,4.1
199,2008,neighborhood (uhf 34),brooklyn, east flatbush - flatbush,207,3.9,9000.0,3.9
200,2009,neighborhood (uhf 34),brooklyn, east flatbush - flatbush,207,1.4,3000.0,1.2
201,2010,neighborhood (uhf 34),brooklyn, east flatbush - flatbush,207,,,
202,2011,neighborhood (uhf 34),brooklyn, east flatbush - flatbush,207,,,
203,2012,neighborhood (uhf 34),brooklyn, east flatbush - flatbush,207,2.0,4000.0,1.9
204,2013,neighborhood (uhf 34),brooklyn, east flatbush - flatbush,207,6.4,15000.0,6.8
205,2014,neighborhood (uhf 34),brooklyn, east flatbush - flatbush,207,3.1,7000.0,3.1
206,2016,neighborhood (uhf 34),brooklyn, east flatbush - flatbush,207,1.4,2000.0,1.5
207,2017,neighborhood (uhf 34),brooklyn, east flatbush - flatbush,207,4.0,10000.0,4.3
208,2003,neighborhood (uhf 34),manhattan, east harlem,303,7.9,5000.0,6.9
209,2004,neighborhood (uhf 34),manhattan, east harlem,303,8.6,7000.0,8.8
210,2006,neighborhood (uhf 34),manhattan, east harlem,303,7.6,5000.0,6.7
211,2007,neighborhood (uhf 34),manhattan, east harlem,303,5.8,5000.0,5.9
212,2008,neighborhood (uhf 34),manhattan, east harlem,303,12.6,12000.0,15.0
213,2009,neighborhood (uhf 34),manhattan, east harlem,303,,,
214,2010,neighborhood (uhf 34),manhattan, east harlem,303,15.3,12000.0,15.3
215,2011,neighborhood (uhf 34),manhattan, east harlem,303,,,
216,2012,neighborhood (uhf 34),manhattan, east harlem,303,,,
217,2013,neighborhood (uhf 34),manhattan, east harlem,303,1.8,1000.0,1.7
218,2014,neighborhood (uhf 34),manhattan, east harlem,303,8.7,7000.0,8.4
219,2016,neighborhood (uhf 34),manhattan, east harlem,303,,,
220,2017,neighborhood (uhf 34),manhattan, east harlem,303,12.6,,
221,2003,neighborhood (uhf 34),brooklyn, east new york,204,5.7,6000.0,5.9
222,2004,neighborhood (uhf 34),brooklyn, east new york,204,7.4,9000.0,8.0
223,2006,neighborhood (uhf 34),brooklyn, east new york,204,6.6,7000.0,6.2
224,2007,neighborhood (uhf 34),brooklyn, east new york,204,3.1,3000.0,2.8
225,2008,neighborhood (uhf 34),brooklyn, east new york,204,4.1,5000.0,4.2
226,2009,neighborhood (uhf 34),brooklyn, east new york,204,5.8,,
227,2010,neighborhood (uhf 34),brooklyn, east new york,204,7.7,9000.0,7.8
228,2011,neighborhood (uhf 34),brooklyn, east new york,204,9.3,13000.0,10.0
229,2012,neighborhood (uhf 34),brooklyn, east new york,204,6.3,8000.0,6.5
230,2013,neighborhood (uhf 34),brooklyn, east new york,204,4.8,6000.0,4.7
231,2014,neighborhood (uhf 34),brooklyn, east new york,204,6.4,9000.0,6.3
232,2016,neighborhood (uhf 34),brooklyn, east new york,204,5.4,5000.0,5.6
233,2017,neighborhood (uhf 34),brooklyn, east new york,204,3.6,5000.0,3.7
234,2003,neighborhood (uhf 34),queens, flushing - clearview,403,2.4,5000.0,2.5
235,2004,neighborhood (uhf 34),queens, flushing - clearview,403,4.2,9000.0,4.2
236,2006,neighborhood (uhf 34),queens, flushing - clearview,403,4.6,9000.0,4.4
237,2007,neighborhood (uhf 34),queens, flushing - clearview,403,2.5,5000.0,2.6
238,2008,neighborhood (uhf 34),queens, flushing - clearview,403,2.6,5000.0,2.7
239,2009,neighborhood (uhf 34),queens, flushing - clearview,403,5.1,11000.0,5.5
240,2010,neighborhood (uhf 34),queens, flushing - clearview,403,2.9,6000.0,3.0
241,2011,neighborhood (uhf 34),queens, flushing - clearview,403,0.4,1000.0,0.4
242,2012,neighborhood (uhf 34),queens, flushing - clearview,403,2.9,6000.0,3.1
243,2013,neighborhood (uhf 34),queens, flushing - clearview,403,1.8,4000.0,1.9
244,2014,neighborhood (uhf 34),queens, flushing - clearview,403,1.9,4000.0,1.9
245,2016,neighborhood (uhf 34),queens, flushing - clearview,403,,,
246,2017,neighborhood (uhf 34),queens, flushing - clearview,403,3.8,12000.0,5.3
247,2003,neighborhood (uhf 34),bronx, fordham - bronx pk,103,4.8,7000.0,4.6
248,2004,neighborhood (uhf 34),bronx, fordham - bronx pk,103,7.5,12000.0,7.0
249,2006,neighborhood (uhf 34),bronx, fordham - bronx pk,103,7.4,13000.0,7.7
250,2007,neighborhood (uhf 34),bronx, fordham - bronx pk,103,2.1,3000.0,2.0
251,2008,neighborhood (uhf 34),bronx, fordham - bronx pk,103,12.0,22000.0,12.9
252,2009,neighborhood (uhf 34),bronx, fordham - bronx pk,103,8.5,16000.0,9.2
253,2010,neighborhood (uhf 34),bronx, fordham - bronx pk,103,9.9,16000.0,9.4
254,2011,neighborhood (uhf 34),bronx, fordham - bronx pk,103,,,
255,2012,neighborhood (uhf 34),bronx, fordham - bronx pk,103,4.4,8000.0,4.3
256,2013,neighborhood (uhf 34),bronx, fordham - bronx pk,103,7.9,12000.0,6.8
257,2014,neighborhood (uhf 34),bronx, fordham - bronx pk,103,3.2,6000.0,3.3
258,2016,neighborhood (uhf 34),bronx, fordham - bronx pk,103,1.7,3000.0,2.1
259,2017,neighborhood (uhf 34),bronx, fordham - bronx pk,103,8.1,16000.0,8.2
260,2003,neighborhood (uhf 34),brooklyn, greenpoint,201,3.1,3000.0,3.3
261,2004,neighborhood (uhf 34),brooklyn, greenpoint,201,3.5,3000.0,3.7
262,2006,neighborhood (uhf 34),brooklyn, greenpoint,201,8.0,7000.0,7.8
263,2007,neighborhood (uhf 34),brooklyn, greenpoint,201,7.9,7000.0,7.3
264,2008,neighborhood (uhf 34),brooklyn, greenpoint,201,5.3,4000.0,4.8
265,2009,neighborhood (uhf 34),brooklyn, greenpoint,201,7.5,7000.0,7.3
266,2010,neighborhood (uhf 34),brooklyn, greenpoint,201,0.5,0.0,0.4
267,2011,neighborhood (uhf 34),brooklyn, greenpoint,201,1.9,2000.0,1.7
268,2012,neighborhood (uhf 34),brooklyn, greenpoint,201,4.2,4000.0,4.1
269,2013,neighborhood (uhf 34),brooklyn, greenpoint,201,1.7,1000.0,1.2
270,2014,neighborhood (uhf 34),brooklyn, greenpoint,201,,,
271,2016,neighborhood (uhf 34),brooklyn, greenpoint,201,,,
272,2017,neighborhood (uhf 34),brooklyn, greenpoint,201,1.7,,
273,2003,neighborhood (uhf 34),queens, jamaica,408,4.8,10000.0,5.0
274,2004,neighborhood (uhf 34),queens, jamaica,408,3.7,9000.0,4.2
275,2006,neighborhood (uhf 34),queens, jamaica,408,5.2,11000.0,5.1
276,2007,neighborhood (uhf 34),queens, jamaica,408,5.1,10000.0,5.0
277,2008,neighborhood (uhf 34),queens, jamaica,408,5.6,12000.0,5.9
278,2009,neighborhood (uhf 34),queens, jamaica,408,3.5,7000.0,3.5
279,2010,neighborhood (uhf 34),queens, jamaica,408,3.7,8000.0,3.8
280,2011,neighborhood (uhf 34),queens, jamaica,408,2.6,6000.0,2.7
281,2012,neighborhood (uhf 34),queens, jamaica,408,3.5,8000.0,3.5
282,2013,neighborhood (uhf 34),queens, jamaica,408,2.5,6000.0,2.6
283,2014,neighborhood (uhf 34),queens, jamaica,408,3.2,7000.0,3.3
284,2016,neighborhood (uhf 34),queens, jamaica,408,,,
285,2017,neighborhood (uhf 34),queens, jamaica,408,6.0,13000.0,5.6
286,2003,neighborhood (uhf 34),bronx, kingsbridge - riverdale,101,5.1,3000.0,5.0
287,2004,neighborhood (uhf 34),bronx, kingsbridge - riverdale,101,6.8,4000.0,5.8
288,2006,neighborhood (uhf 34),bronx, kingsbridge - riverdale,101,4.4,3000.0,4.3
289,2007,neighborhood (uhf 34),bronx, kingsbridge - riverdale,101,3.5,2000.0,3.5
290,2008,neighborhood (uhf 34),bronx, kingsbridge - riverdale,101,4.7,4000.0,5.1
291,2009,neighborhood (uhf 34),bronx, kingsbridge - riverdale,101,6.7,4000.0,6.1
292,2010,neighborhood (uhf 34),bronx, kingsbridge - riverdale,101,6.1,4000.0,5.9
293,2011,neighborhood (uhf 34),bronx, kingsbridge - riverdale,101,,,
294,2012,neighborhood (uhf 34),bronx, kingsbridge - riverdale,101,,4000.0,5.3
295,2013,neighborhood (uhf 34),bronx, kingsbridge - riverdale,101,,,
296,2014,neighborhood (uhf 34),bronx, kingsbridge - riverdale,101,,,
297,2016,neighborhood (uhf 34),bronx, kingsbridge - riverdale,101,8.0,,
298,2017,neighborhood (uhf 34),bronx, kingsbridge - riverdale,101,,3000.0,3.4
299,2003,neighborhood (uhf 34),queens, long island city - astoria,401,3.4,6000.0,3.7
300,2004,neighborhood (uhf 34),queens, long island city - astoria,401,4.0,6000.0,3.6
301,2006,neighborhood (uhf 34),queens, long island city - astoria,401,3.4,6000.0,3.5
302,2007,neighborhood (uhf 34),queens, long island city - astoria,401,6.1,11000.0,6.3
303,2008,neighborhood (uhf 34),queens, long island city - astoria,401,3.4,7000.0,3.8
304,2009,neighborhood (uhf 34),queens, long island city - astoria,401,2.9,5000.0,2.7
305,2010,neighborhood (uhf 34),queens, long island city - astoria,401,0.8,1000.0,0.7
306,2011,neighborhood (uhf 34),queens, long island city - astoria,401,3.7,6000.0,3.7
307,2012,neighborhood (uhf 34),queens, long island city - astoria,401,,6000.0,3.6
308,2013,neighborhood (uhf 34),queens, long island city - astoria,401,,,
309,2014,neighborhood (uhf 34),queens, long island city - astoria,401,3.1,6000.0,3.5
310,2016,neighborhood (uhf 34),queens, long island city - astoria,401,,,
311,2017,neighborhood (uhf 34),queens, long island city - astoria,401,5.4,,
312,2003,neighborhood (uhf 34),bronx, northeast bronx,102,5.9,7000.0,5.1
313,2004,neighborhood (uhf 34),bronx, northeast bronx,102,4.1,6000.0,4.2
314,2006,neighborhood (uhf 34),bronx, northeast bronx,102,3.2,4000.0,3.2
315,2007,neighborhood (uhf 34),bronx, northeast bronx,102,2.3,3000.0,2.2
316,2008,neighborhood (uhf 34),bronx, northeast bronx,102,4.3,6000.0,4.2
317,2009,neighborhood (uhf 34),bronx, northeast bronx,102,5.7,7000.0,5.0
318,2010,neighborhood (uhf 34),bronx, northeast bronx,102,5.8,8000.0,5.6
319,2011,neighborhood (uhf 34),bronx, northeast bronx,102,4.9,8000.0,5.4
320,2012,neighborhood (uhf 34),bronx, northeast bronx,102,6.3,9000.0,6.2
321,2013,neighborhood (uhf 34),bronx, northeast bronx,102,6.5,9000.0,6.4
322,2014,neighborhood (uhf 34),bronx, northeast bronx,102,6.8,8000.0,5.8
323,2016,neighborhood (uhf 34),bronx, northeast bronx,102,5.4,7000.0,6.1
324,2017,neighborhood (uhf 34),bronx, northeast bronx,102,5.6,8000.0,5.3
325,2003,neighborhood (uhf 34),staten island, northern si,501502,6.6,7000.0,6.2
326,2004,neighborhood (uhf 34),staten island, northern si,501502,4.1,5000.0,4.2
327,2006,neighborhood (uhf 34),staten island, northern si,501502,5.4,7000.0,5.5
328,2007,neighborhood (uhf 34),staten island, northern si,501502,6.8,9000.0,6.8
329,2008,neighborhood (uhf 34),staten island, northern si,501502,1.8,2000.0,1.5
330,2009,neighborhood (uhf 34),staten island, northern si,501502,5.7,7000.0,5.8
331,2010,neighborhood (uhf 34),staten island, northern si,501502,6.0,8000.0,6.1
332,2011,neighborhood (uhf 34),staten island, northern si,501502,3.5,5000.0,3.5
333,2012,neighborhood (uhf 34),staten island, northern si,501502,3.8,5000.0,3.9
334,2013,neighborhood (uhf 34),staten island, northern si,501502,0.4,,0.4
335,2014,neighborhood (uhf 34),staten island, northern si,501502,3.3,5000.0,3.2
336,2016,neighborhood (uhf 34),staten island, northern si,501502,5.5,6000.0,5.7
337,2017,neighborhood (uhf 34),staten island, northern si,501502,2.0,3000.0,2.0
338,2003,neighborhood (uhf 34),bronx, pelham - throgs neck,104,6.1,11000.0,6.3
339,2004,neighborhood (uhf 34),bronx, pelham - throgs neck,104,6.9,15000.0,6.8
340,2006,neighborhood (uhf 34),bronx, pelham - throgs neck,104,9.0,19000.0,8.9
341,2007,neighborhood (uhf 34),bronx, pelham - throgs neck,104,6.3,13000.0,6.2
342,2008,neighborhood (uhf 34),bronx, pelham - throgs neck,104,6.7,14000.0,6.6
343,2009,neighborhood (uhf 34),bronx, pelham - throgs neck,104,6.2,13000.0,6.3
344,2010,neighborhood (uhf 34),bronx, pelham - throgs neck,104,2.1,4000.0,2.0
345,2011,neighborhood (uhf 34),bronx, pelham - throgs neck,104,10.0,21000.0,9.6
346,2012,neighborhood (uhf 34),bronx, pelham - throgs neck,104,6.7,14000.0,6.6
347,2013,neighborhood (uhf 34),bronx, pelham - throgs neck,104,5.0,11000.0,5.1
348,2014,neighborhood (uhf 34),bronx, pelham - throgs neck,104,3.4,8000.0,3.5
349,2016,neighborhood (uhf 34),bronx, pelham - throgs neck,104,5.9,10000.0,5.9
350,2017,neighborhood (uhf 34),bronx, pelham - throgs neck,104,7.2,18000.0,7.7
351,2003,neighborhood (uhf 34),queens, ridgewood - forest hills,405,3.2,6000.0,3.5
352,2004,neighborhood (uhf 34),queens, ridgewood - forest hills,405,2.5,5000.0,2.5
353,2006,neighborhood (uhf 34),queens, ridgewood - forest hills,405,5.5,10000.0,5.1
354,2007,neighborhood (uhf 34),queens, ridgewood - forest hills,405,4.3,8000.0,3.9
355,2008,neighborhood (uhf 34),queens, ridgewood - forest hills,405,12.1,21000.0,10.9
356,2009,neighborhood (uhf 34),queens, ridgewood - forest hills,405,3.3,7000.0,3.5
357,2010,neighborhood (uhf 34),queens, ridgewood - forest hills,405,4.2,8000.0,4.1
358,2011,neighborhood (uhf 34),queens, ridgewood - forest hills,405,,,
359,2012,neighborhood (uhf 34),queens, ridgewood - forest hills,405,6.4,12000.0,6.2
360,2013,neighborhood (uhf 34),queens, ridgewood - forest hills,405,3.6,7000.0,3.6
361,2014,neighborhood (uhf 34),queens, ridgewood - forest hills,405,4.7,10000.0,5.1
362,2016,neighborhood (uhf 34),queens, ridgewood - forest hills,405,4.9,8000.0,4.9
363,2017,neighborhood (uhf 34),queens, ridgewood - forest hills,405,4.8,10000.0,4.7
364,2003,neighborhood (uhf 34),queens, rockaways,410,5.8,4000.0,6.0
365,2004,neighborhood (uhf 34),queens, rockaways,410,4.6,3000.0,4.4
366,2006,neighborhood (uhf 34),queens, rockaways,410,7.5,6000.0,7.3
367,2007,neighborhood (uhf 34),queens, rockaways,410,1.9,1000.0,1.9
368,2008,neighborhood (uhf 34),queens, rockaways,410,4.2,3000.0,4.1
369,2009,neighborhood (uhf 34),queens, rockaways,410,11.5,8000.0,10.7
370,2010,neighborhood (uhf 34),queens, rockaways,410,6.6,5000.0,6.4
371,2011,neighborhood (uhf 34),queens, rockaways,410,,,
372,2012,neighborhood (uhf 34),queens, rockaways,410,,,
373,2013,neighborhood (uhf 34),queens, rockaways,410,,,
374,2014,neighborhood (uhf 34),queens, rockaways,410,7.6,,
375,2016,neighborhood (uhf 34),queens, rockaways,410,9.7,6000.0,9.7
376,2017,neighborhood (uhf 34),queens, rockaways,410,7.4,,
377,2003,neighborhood (uhf 34),bronx, south bronx,105106107,8.8,24000.0,8.3
378,2004,neighborhood (uhf 34),bronx, south bronx,105106107,10.2,33000.0,10.0
379,2006,neighborhood (uhf 34),bronx, south bronx,105106107,8.8,29000.0,8.8
380,2007,neighborhood (uhf 34),bronx, south bronx,105106107,7.4,24000.0,7.3
381,2008,neighborhood (uhf 34),bronx, south bronx,105106107,9.0,30000.0,9.2
382,2009,neighborhood (uhf 34),bronx, south bronx,105106107,6.5,21000.0,6.4
383,2010,neighborhood (uhf 34),bronx, south bronx,105106107,6.8,22000.0,6.8
384,2011,neighborhood (uhf 34),bronx, south bronx,105106107,7.5,27000.0,7.5
385,2012,neighborhood (uhf 34),bronx, south bronx,105106107,10.7,40000.0,10.7
386,2013,neighborhood (uhf 34),bronx, south bronx,105106107,7.0,23000.0,6.1
387,2014,neighborhood (uhf 34),bronx, south bronx,105106107,6.3,24000.0,6.2
388,2016,neighborhood (uhf 34),bronx, south bronx,105106107,8.7,21000.0,8.1
389,2017,neighborhood (uhf 34),bronx, south bronx,105106107,7.0,30000.0,7.4
390,2003,neighborhood (uhf 34),queens, southeast queens,409,2.2,3000.0,2.3
391,2004,neighborhood (uhf 34),queens, southeast queens,409,2.9,4000.0,2.9
392,2006,neighborhood (uhf 34),queens, southeast queens,409,4.4,7000.0,4.3
393,2007,neighborhood (uhf 34),queens, southeast queens,409,3.5,5000.0,3.4
394,2008,neighborhood (uhf 34),queens, southeast queens,409,,,
395,2009,neighborhood (uhf 34),queens, southeast queens,409,2.5,4000.0,2.4
396,2010,neighborhood (uhf 34),queens, southeast queens,409,2.1,3000.0,2.0
397,2011,neighborhood (uhf 34),queens, southeast queens,409,,,
398,2012,neighborhood (uhf 34),queens, southeast queens,409,,,
399,2013,neighborhood (uhf 34),queens, southeast queens,409,2.9,5000.0,3.2
400,2014,neighborhood (uhf 34),queens, southeast queens,409,0.8,1000.0,0.9
401,2016,neighborhood (uhf 34),queens, southeast queens,409,,,
402,2017,neighborhood (uhf 34),queens, southeast queens,409,,,
403,2003,neighborhood (uhf 34),staten island, southern si,503504,2.3,4000.0,2.4
404,2004,neighborhood (uhf 34),staten island, southern si,503504,5.9,11000.0,5.7
405,2006,neighborhood (uhf 34),staten island, southern si,503504,2.9,6000.0,3.1
406,2007,neighborhood (uhf 34),staten island, southern si,503504,4.3,9000.0,4.4
407,2008,neighborhood (uhf 34),staten island, southern si,503504,6.9,15000.0,7.4
408,2009,neighborhood (uhf 34),staten island, southern si,503504,2.8,6000.0,3.1
409,2010,neighborhood (uhf 34),staten island, southern si,503504,3.9,8000.0,3.9
410,2011,neighborhood (uhf 34),staten island, southern si,503504,2.6,6000.0,3.1
411,2012,neighborhood (uhf 34),staten island, southern si,503504,,,
412,2013,neighborhood (uhf 34),staten island, southern si,503504,3.0,6000.0,2.7
413,2014,neighborhood (uhf 34),staten island, southern si,503504,6.2,13000.0,5.8
414,2016,neighborhood (uhf 34),staten island, southern si,503504,6.4,10000.0,6.0
415,2017,neighborhood (uhf 34),staten island, southern si,503504,1.4,3000.0,1.3
416,2003,neighborhood (uhf 34),queens, southwest queens,407,3.2,5000.0,2.9
417,2004,neighborhood (uhf 34),queens, southwest queens,407,3.9,8000.0,4.1
418,2006,neighborhood (uhf 34),queens, southwest queens,407,1.7,3000.0,1.7
419,2007,neighborhood (uhf 34),queens, southwest queens,407,6.9,14000.0,6.9
420,2008,neighborhood (uhf 34),queens, southwest queens,407,4.4,11000.0,5.2
421,2009,neighborhood (uhf 34),queens, southwest queens,407,8.2,17000.0,8.6
422,2010,neighborhood (uhf 34),queens, southwest queens,407,0.9,2000.0,0.9
423,2011,neighborhood (uhf 34),queens, southwest queens,407,3.9,7000.0,3.7
424,2012,neighborhood (uhf 34),queens, southwest queens,407,4.9,10000.0,5.1
425,2013,neighborhood (uhf 34),queens, southwest queens,407,1.6,3000.0,1.6
426,2014,neighborhood (uhf 34),queens, southwest queens,407,4.0,9000.0,4.2
427,2016,neighborhood (uhf 34),queens, southwest queens,407,2.8,5000.0,2.7
428,2017,neighborhood (uhf 34),queens, southwest queens,407,2.9,6000.0,3.0
429,2003,neighborhood (uhf 34),brooklyn, sunset park,205,5.9,5000.0,5.4
430,2004,neighborhood (uhf 34),brooklyn, sunset park,205,3.2,3000.0,3.0
431,2006,neighborhood (uhf 34),brooklyn, sunset park,205,5.4,5000.0,5.4
432,2007,neighborhood (uhf 34),brooklyn, sunset park,205,,,
433,2008,neighborhood (uhf 34),brooklyn, sunset park,205,,,
434,2009,neighborhood (uhf 34),brooklyn, sunset park,205,2.7,2000.0,2.4
435,2010,neighborhood (uhf 34),brooklyn, sunset park,205,,,
436,2011,neighborhood (uhf 34),brooklyn, sunset park,205,,,
437,2012,neighborhood (uhf 34),brooklyn, sunset park,205,1.7,,
438,2013,neighborhood (uhf 34),brooklyn, sunset park,205,1.5,1000.0,1.5
439,2014,neighborhood (uhf 34),brooklyn, sunset park,205,0.7,1000.0,0.7
440,2016,neighborhood (uhf 34),brooklyn, sunset park,205,1.6,1000.0,1.6
441,2017,neighborhood (uhf 34),brooklyn, sunset park,205,2.9,3000.0,2.8
442,2003,neighborhood (uhf 34),manhattan, union square-lower manhattan,309310,4.5,6000.0,3.5
443,2004,neighborhood (uhf 34),manhattan, union square-lower manhattan,309310,5.1,10000.0,5.0
444,2006,neighborhood (uhf 34),manhattan, union square-lower manhattan,309310,6.8,12000.0,6.5
445,2007,neighborhood (uhf 34),manhattan, union square-lower manhattan,309310,6.4,13000.0,6.7
446,2008,neighborhood (uhf 34),manhattan, union square-lower manhattan,309310,4.2,7000.0,3.8
447,2009,neighborhood (uhf 34),manhattan, union square-lower manhattan,309310,3.3,6000.0,3.0
448,2010,neighborhood (uhf 34),manhattan, union square-lower manhattan,309310,4.6,8000.0,4.1
449,2011,neighborhood (uhf 34),manhattan, union square-lower manhattan,309310,2.1,4000.0,1.9
450,2012,neighborhood (uhf 34),manhattan, union square-lower manhattan,309310,5.3,11000.0,5.4
451,2013,neighborhood (uhf 34),manhattan, union square-lower manhattan,309310,5.2,11000.0,5.5
452,2014,neighborhood (uhf 34),manhattan, union square-lower manhattan,309310,3.8,8000.0,3.8
453,2016,neighborhood (uhf 34),manhattan, union square-lower manhattan,309310,1.0,2000.0,1.0
454,2017,neighborhood (uhf 34),manhattan, union square-lower manhattan,309310,5.1,11000.0,5.0
455,2003,neighborhood (uhf 34),manhattan, upper east side-gramercy,305307,4.5,11000.0,4.5
456,2004,neighborhood (uhf 34),manhattan, upper east side-gramercy,305307,2.9,9000.0,2.9
457,2006,neighborhood (uhf 34),manhattan, upper east side-gramercy,305307,8.4,22000.0,7.1
458,2007,neighborhood (uhf 34),manhattan, upper east side-gramercy,305307,3.1,10000.0,3.3
459,2008,neighborhood (uhf 34),manhattan, upper east side-gramercy,305307,4.2,13000.0,4.1
460,2009,neighborhood (uhf 34),manhattan, upper east side-gramercy,305307,2.5,,
461,2010,neighborhood (uhf 34),manhattan, upper east side-gramercy,305307,1.2,4000.0,1.2
462,2011,neighborhood (uhf 34),manhattan, upper east side-gramercy,305307,1.8,6000.0,2.0
463,2012,neighborhood (uhf 34),manhattan, upper east side-gramercy,305307,2.1,7000.0,2.3
464,2013,neighborhood (uhf 34),manhattan, upper east side-gramercy,305307,4.7,15000.0,4.8
465,2014,neighborhood (uhf 34),manhattan, upper east side-gramercy,305307,2.8,9000.0,3.0
466,2016,neighborhood (uhf 34),manhattan, upper east side-gramercy,305307,6.2,16000.0,6.4
467,2017,neighborhood (uhf 34),manhattan, upper east side-gramercy,305307,4.2,13000.0,4.0
468,2003,neighborhood (uhf 34),manhattan, upper west side,304,3.8,6000.0,3.5
469,2004,neighborhood (uhf 34),manhattan, upper west side,304,4.1,8000.0,4.0
470,2006,neighborhood (uhf 34),manhattan, upper west side,304,9.8,13000.0,6.8
471,2007,neighborhood (uhf 34),manhattan, upper west side,304,3.3,6000.0,3.3
472,2008,neighborhood (uhf 34),manhattan, upper west side,304,6.0,14000.0,7.1
473,2009,neighborhood (uhf 34),manhattan, upper west side,304,1.8,3000.0,1.6
474,2010,neighborhood (uhf 34),manhattan, upper west side,304,8.3,14000.0,7.5
475,2011,neighborhood (uhf 34),manhattan, upper west side,304,,,
476,2012,neighborhood (uhf 34),manhattan, upper west side,304,3.0,6000.0,3.2
477,2013,neighborhood (uhf 34),manhattan, upper west side,304,1.6,3000.0,1.7
478,2014,neighborhood (uhf 34),manhattan, upper west side,304,4.3,7000.0,4.1
479,2016,neighborhood (uhf 34),manhattan, upper west side,304,,,
480,2017,neighborhood (uhf 34),manhattan, upper west side,304,1.1,2000.0,1.0
481,2003,neighborhood (uhf 34),manhattan, washington heights,301,3.4,5000.0,3.1
482,2004,neighborhood (uhf 34),manhattan, washington heights,301,5.5,11000.0,5.4
483,2006,neighborhood (uhf 34),manhattan, washington heights,301,4.9,10000.0,5.0
484,2007,neighborhood (uhf 34),manhattan, washington heights,301,3.8,7000.0,3.6
485,2008,neighborhood (uhf 34),manhattan, washington heights,301,5.7,11000.0,5.7
486,2009,neighborhood (uhf 34),manhattan, washington heights,301,2.6,6000.0,3.1
487,2010,neighborhood (uhf 34),manhattan, washington heights,301,4.1,7000.0,3.8
488,2011,neighborhood (uhf 34),manhattan, washington heights,301,,,
489,2012,neighborhood (uhf 34),manhattan, washington heights,301,3.1,6000.0,3.0
490,2013,neighborhood (uhf 34),manhattan, washington heights,301,6.2,12000.0,6.5
491,2014,neighborhood (uhf 34),manhattan, washington heights,301,5.2,11000.0,5.4
492,2016,neighborhood (uhf 34),manhattan, washington heights,301,4.5,5000.0,3.9
493,2017,neighborhood (uhf 34),manhattan, washington heights,301,7.2,16000.0,7.7
494,2003,neighborhood (uhf 34),queens, west queens,402,5.2,16000.0,5.4
495,2004,neighborhood (uhf 34),queens, west queens,402,2.0,8000.0,2.0
496,2006,neighborhood (uhf 34),queens, west queens,402,2.3,9000.0,2.5
497,2007,neighborhood (uhf 34),queens, west queens,402,2.9,11000.0,3.0
498,2008,neighborhood (uhf 34),queens, west queens,402,4.0,15000.0,4.1
499,2009,neighborhood (uhf 34),queens, west queens,402,1.5,4000.0,1.2
500,2010,neighborhood (uhf 34),queens, west queens,402,2.4,8000.0,2.2
501,2011,neighborhood (uhf 34),queens, west queens,402,6.0,21000.0,6.0
502,2012,neighborhood (uhf 34),queens, west queens,402,2.4,9000.0,2.5
503,2013,neighborhood (uhf 34),queens, west queens,402,1.9,7000.0,2.1
504,2014,neighborhood (uhf 34),queens, west queens,402,2.3,8000.0,2.2
505,2016,neighborhood (uhf 34),queens, west queens,402,4.5,14000.0,4.7
506,2017,neighborhood (uhf 34),queens, west queens,402,2.5,10000.0,2.6
507,2003,neighborhood (uhf 34),brooklyn, williamsburg - bushwick,211,9.5,9000.0,8.1
508,2004,neighborhood (uhf 34),brooklyn, williamsburg - bushwick,211,10.3,13000.0,10.1
509,2006,neighborhood (uhf 34),brooklyn, williamsburg - bushwick,211,5.8,8000.0,6.0
510,2007,neighborhood (uhf 34),brooklyn, williamsburg - bushwick,211,3.6,4000.0,3.1
511,2008,neighborhood (uhf 34),brooklyn, williamsburg - bushwick,211,3.3,4000.0,3.0
512,2009,neighborhood (uhf 34),brooklyn, williamsburg - bushwick,211,7.3,9000.0,6.9
513,2010,neighborhood (uhf 34),brooklyn, williamsburg - bushwick,211,3.9,5000.0,3.7
514,2011,neighborhood (uhf 34),brooklyn, williamsburg - bushwick,211,4.6,7000.0,4.5
515,2012,neighborhood (uhf 34),brooklyn, williamsburg - bushwick,211,6.2,9000.0,6.4
516,2013,neighborhood (uhf 34),brooklyn, williamsburg - bushwick,211,7.0,11000.0,7.1
517,2014,neighborhood (uhf 34),brooklyn, williamsburg - bushwick,211,6.3,9000.0,5.7
518,2016,neighborhood (uhf 34),brooklyn, williamsburg - bushwick,211,5.2,7000.0,4.8
519,2017,neighborhood (uhf 34),brooklyn, williamsburg - bushwick,211,2.2,3000.0,2.0
